"sens","spec","ppv","npv","acc"
0.984242388272301,0.88496981251986,0.989203376181813,0.839867310012063,0.975763332880988
0.983307614695234,0.88512869399428,0.989207988775114,0.831989247311828,0.97492197041661
0.983233426316102,0.883063234826819,0.989015253276022,0.831040669856459,0.974677703894694
0.983292777019408,0.887829679059422,0.989458910654563,0.83229073577599,0.975139096213869
0.984761706926227,0.885764219891961,0.98928273312664,0.844441078461072,0.976306147374135
0.983708231942549,0.880521131236098,0.988784489187174,0.834638554216868,0.974894829691953
0.98315923793697,0.887035271687321,0.98938362300663,0.831050908008336,0.974949111141267
0.983233426316102,0.886240864315221,0.989310561046251,0.83154442456768,0.974949111141267
0.984405602706392,0.886240864315221,0.989323153546771,0.841454216322221,0.976021169765233
0.984568817140483,0.885923101366381,0.989295405074992,0.842805320435308,0.976143303026191
0.983886284052466,0.889259612329202,0.989598101690868,0.837498129582523,0.975804043967974
0.984123686865689,0.882904353352399,0.989010333566945,0.838539308887883,0.975478355272086
0.984094011514036,0.8852875754687,0.989231274050652,0.838651414810355,0.975654769982359
0.984390765030566,0.881792183031459,0.988910088242309,0.840654347167525,0.975627629257701
0.983767582645854,0.881315538608198,0.988858894241525,0.835265773226924,0.975016962952911
0.984553979464657,0.886558627264061,0.989354247118639,0.842772995015859,0.976184014113177
0.983752744970028,0.888465204957102,0.989522857185499,0.836249439210408,0.975614058895373
0.983322452371061,0.890212901175723,0.989680868539343,0.832912145086963,0.975369792373456
0.983708231942549,0.881951064505879,0.988917229754926,0.834862385321101,0.975016962952911
0.983188913288622,0.883063234826819,0.98901476141435,0.83066806157525,0.974636992807708
0.983930797079945,0.887194153161741,0.989406621607508,0.837558122093895,0.975668340344687
0.982699269986349,0.887829679059422,0.989452611449743,0.827361563517915,0.974596281720722
0.983678556590896,0.887035271687321,0.98938916829585,0.83540326200808,0.975424073822771
0.984049498486557,0.888624086431522,0.989540747814151,0.83878224355129,0.975899036504275
0.984361089678913,0.886081982840801,0.989307922873887,0.841049615442618,0.975966888315918
0.984034660810731,0.889895138226883,0.989658722934356,0.838849782836603,0.975994029040575
0.982996023502879,0.886240864315221,0.989308007048353,0.829565734681737,0.974731985344009
0.98387144637664,0.876866857324436,0.988447319778189,0.835452618831365,0.974731985344009
0.984821057629533,0.891642834445504,0.989829244649914,0.845817633760362,0.976862532229611
0.983470829129325,0.886399745789641,0.989327880352852,0.833557448080084,0.975179807300855
0.984227550596475,0.886876390212901,0.989380266984861,0.840030097817908,0.975912606866603
0.983797257997507,0.882268827454719,0.988947721679469,0.835665914221219,0.97512552585154
0.983085049557837,0.891325071496664,0.989781894233642,0.831111111111111,0.975247659112498
0.983886284052466,0.880203368287258,0.988757008230944,0.836100211288862,0.975030533315239
0.984212712920648,0.886399745789641,0.989335839038287,0.839831401475237,0.975858325417289
0.983604368211763,0.886558627264061,0.98934407880009,0.834704562453254,0.975315510924142
0.983708231942549,0.882109945980299,0.988931980906921,0.834887218045113,0.975030533315239
0.983500504480978,0.887353034636161,0.989416804740794,0.83395550246379,0.975288370199484
0.983307614695234,0.886558627264061,0.989340897215795,0.832214765100671,0.975044103677568
0.983515342156805,0.890530664124563,0.989712425717443,0.834574151280524,0.975573347808386
0.983515342156805,0.887353034636161,0.989416962713079,0.834080047789725,0.975301940561813
0.983545017508457,0.88417540514776,0.989122000716247,0.833832783937669,0.975057674039897
0.983915959404119,0.88401652367334,0.989111303362072,0.836943441636582,0.975383362735785
0.983782420321681,0.888465204957102,0.989523169912693,0.836499626028422,0.97564119962003
0.983901121728292,0.88481093104544,0.989184915567755,0.836940186354073,0.9754376441851
0.983040536530358,0.888147442008262,0.989485789387219,0.830239120748552,0.974935540778939
0.983070211882011,0.886081982840801,0.989294033327361,0.830157785055076,0.974786266793323
0.984123686865689,0.886876390212901,0.989379158089442,0.839146121467228,0.975817614330303
0.98407917383821,0.885923101366381,0.989290135886995,0.838622349225447,0.975695481069345
0.983604368211763,0.887670797585002,0.989447446192424,0.834877465630604,0.975410503460442
0.983797257997507,0.88544645694312,0.989242819843342,0.83615903975994,0.975396933098114
0.983174075612796,0.88544645694312,0.989236074824956,0.830922916356046,0.974826977880309
0.983411478426019,0.883539879250079,0.989061497366104,0.832609672106603,0.974881259329624
0.983648881239243,0.885605338417541,0.989255976363148,0.834931096464949,0.975274799837156
0.98382693334916,0.893231649189704,0.989966854788139,0.837604290822408,0.976089021576876
0.98357469286011,0.886081982840801,0.989299465719488,0.834380610412926,0.975247659112498
0.983663718915069,0.891960597394344,0.989846957820082,0.836038719285182,0.975831184692631
0.984301738975607,0.890371782650143,0.989705794593304,0.841188832182528,0.976279006649478
0.983025698854531,0.891960597394344,0.989840435068428,0.830719147676827,0.975247659112498
0.983455991453499,0.881633301557038,0.988884910333304,0.832683073229292,0.974759126068666
0.984494628761351,0.886240864315221,0.989324108727094,0.842216518194172,0.976102591939205
0.984123686865689,0.887511916110582,0.989438195542561,0.839242788461538,0.975871895779617
0.983915959404119,0.885923101366381,0.989288378338058,0.837237237237237,0.975546207083729
0.983233426316102,0.88433428662218,0.989133355225841,0.831242532855436,0.974786266793323
0.983648881239243,0.875913568477915,0.988356317554976,0.833408919123205,0.974447007735107
0.983530179832631,0.8844931680966,0.989151358691597,0.833757675602816,0.975071244402226
0.983812095673334,0.882904353352399,0.98900689120253,0.835890493381468,0.975193377663184
0.984004985459078,0.88512869399428,0.989215554660581,0.837870356444578,0.975559777446058
0.983634043563416,0.890212901175723,0.989684103666547,0.83552042946615,0.975654769982359
0.983218588640275,0.878614553543057,0.98860194841039,0.8302056748236,0.974284163387162
0.983693394266722,0.8852875754687,0.989226935645116,0.835257082896118,0.975288370199484
0.984657843195442,0.881633301557038,0.988898326553117,0.842928755886374,0.975858325417289
0.982773458365482,0.883222116301239,0.989024936538749,0.827232142857143,0.974270593024834
0.983352127722714,0.883380997775659,0.989046084049666,0.832086201736007,0.974813407517981
0.984435278058045,0.8844931680966,0.989161224915765,0.841444981862152,0.975899036504275
0.983559855184284,0.883698760724499,0.989077887197851,0.833883058470765,0.975030533315239
0.983634043563416,0.88512869399428,0.989211531574549,0.834731795025472,0.975220518387841
0.983782420321681,0.882427708929139,0.988962307772624,0.835564916503686,0.97512552585154
0.983188913288622,0.881474420082618,0.988867167096957,0.830414608591528,0.974501289184421
0.984153362217342,0.88496981251986,0.989202410069797,0.839108165109973,0.975681910707016
0.983915959404119,0.887670797585002,0.989450752771602,0.837505621346125,0.975695481069345
0.983648881239243,0.88465204957102,0.989167412712623,0.834782608695652,0.975193377663184
0.983188913288622,0.882904353352399,0.989,0.830642750373692,0.974623422445379
0.983604368211763,0.886558627264061,0.98934407880009,0.834704562453254,0.975315510924142
0.983055374206184,0.88385764219892,0.989087109054266,0.829679343773304,0.974582711358393
0.983085049557837,0.882904353352399,0.988998850626185,0.829774525907123,0.974528429909079
0.983455991453499,0.891166190022243,0.989770928530896,0.834176085663296,0.975573347808386
0.983841771024987,0.886717508738481,0.989361384661295,0.836731634182909,0.975546207083729
0.98407917383821,0.887353034636161,0.989422962167323,0.838840492640433,0.975817614330303
0.983559855184284,0.885923101366381,0.989284541682834,0.834230999401556,0.975220518387841
0.983678556590896,0.885923101366381,0.98928582087325,0.835230677052127,0.97532908128647
0.984034660810731,0.880997775659358,0.9888323964872,0.837486784473644,0.97523408875017
0.984183037568995,0.891007308547823,0.989763638534081,0.840275696733593,0.976224725200163
0.98290699744792,0.888147442008262,0.98948437593356,0.829130821714625,0.974813407517981
0.983426316101846,0.888306323482682,0.989504643038428,0.833482409063804,0.975301940561813
0.983767582645854,0.886876390212901,0.989375354403558,0.836129418813661,0.975491925634414
0.983841771024987,0.880997775659358,0.988830231448342,0.835845643653904,0.975057674039897
0.983248263991928,0.883380997775659,0.989044939627767,0.831215428315144,0.97471841498168
0.983945634755772,0.885764219891961,0.989273939701341,0.83746432326874,0.975559777446058
0.983856608700813,0.88481093104544,0.98918443154864,0.836563016373742,0.975396933098114
0.98361920588759,0.880838894184938,0.988812982906238,0.833935018050541,0.974840548242638
0.98357469286011,0.886399745789641,0.989328995283864,0.834430152557583,0.975274799837156
0.983470829129325,0.881792183031459,0.988899829916749,0.832833133253301,0.974786266793323
0.983441153777672,0.886081982840801,0.989298028269923,0.83325862841775,0.97512552585154
0.984821057629533,0.882586590403559,0.988988556442961,0.844481605351171,0.976089021576876
0.984034660810731,0.877979027645376,0.988552349153351,0.837019085125719,0.974976251865925
0.983589530535937,0.890689545598983,0.989727970378333,0.835220500595948,0.975654769982359
0.983693394266722,0.889418493803622,0.989610854865434,0.835896670150814,0.97564119962003
0.983708231942549,0.88465204957102,0.989168059202674,0.835283528352835,0.975247659112498
0.984094011514036,0.886399745789641,0.989334566446397,0.838821229890242,0.975749762518659
0.984138524541516,0.885923101366381,0.989290774852711,0.839127163280662,0.975749762518659
0.983203750964449,0.887670797585002,0.989443191829299,0.831522547998214,0.975044103677568
0.983990147783251,0.887988560533842,0.989481065918654,0.838182363527295,0.975790473605645
0.98357469286011,0.880997775659358,0.988827232316,0.833583884546001,0.974813407517981
0.983767582645854,0.881951064505879,0.988917890968752,0.835364936042137,0.975071244402226
0.983485666805152,0.886081982840801,0.989298507462687,0.833632286995516,0.975166236938526
0.98361920588759,0.8852875754687,0.989226131853046,0.834631515877771,0.975220518387841
0.984361089678913,0.8852875754687,0.989234164380293,0.840929670993058,0.975899036504275
0.983337290046887,0.88417540514776,0.98911972776932,0.832087320574163,0.974867688967295
0.98428690129978,0.889418493803622,0.989617054286695,0.840919333032898,0.976184014113177
0.983604368211763,0.882109945980299,0.988930825115988,0.834009313504582,0.974935540778939
0.983901121728292,0.88401652367334,0.989111140943602,0.836817566551361,0.975369792373456
0.983737907294201,0.886876390212901,0.989375037306751,0.835879005690326,0.975464784909757
0.983901121728292,0.888465204957102,0.989524420634802,0.837501872098248,0.975749762518659
0.984375927354739,0.886399745789641,0.989337588356348,0.841224366706876,0.976007599402904
0.983930797079945,0.883222116301239,0.989037704331225,0.836946702800361,0.97532908128647
0.983188913288622,0.882427708929139,0.988955718400669,0.83056677134739,0.974582711358393
0.984153362217342,0.890530664124563,0.98971902651566,0.839952045556721,0.976156873388519
0.984375927354739,0.882745471877979,0.988998375098761,0.840671811166591,0.975695481069345
0.984524304113004,0.890054019701303,0.989678574092028,0.843039879608728,0.97645542135975
0.984168199893169,0.886717508738481,0.98936487574953,0.839500601684717,0.97584475505496
0.983545017508457,0.8852875754687,0.989225327941023,0.834006885196827,0.975152666576198
0.983634043563416,0.890848427073403,0.989743206927441,0.835618479880775,0.975709051431673
0.983930797079945,0.88465204957102,0.989170482853264,0.837167343256653,0.975451214547428
0.983797257997507,0.893072767715284,0.98995177448975,0.83733055265902,0.97604831048989
0.983441153777672,0.88417540514776,0.989120864361504,0.832959137853615,0.974962681503596
0.984361089678913,0.888465204957102,0.989529264363701,0.841408365934397,0.976170443750848
0.984197875244822,0.885605338417541,0.989261905117001,0.839584274740172,0.975776903243317
0.983500504480978,0.882268827454719,0.988944423722492,0.833158289572393,0.974854118604967
0.983915959404119,0.886399745789641,0.989332656988975,0.837310520786433,0.975586918170715
0.983545017508457,0.8852875754687,0.989225327941023,0.834006885196827,0.975152666576198
0.983174075612796,0.886240864315221,0.989309922661172,0.831048867699642,0.974894829691953
0.982892159772093,0.876707975850016,0.988421193989764,0.82716234447609,0.973822771067988
0.982892159772093,0.878455672068637,0.988583452722063,0.827446872193954,0.973972045053603
0.983515342156805,0.887035271687321,0.989387426114992,0.834030475052286,0.975274799837156
0.983678556590896,0.885764219891961,0.989271058718197,0.835205992509363,0.975315510924142
0.984375927354739,0.8844931680966,0.989160578500075,0.840936555891239,0.97584475505496
0.983886284052466,0.8852875754687,0.989229024943311,0.836887954340643,0.975464784909757
0.983752744970028,0.890212901175723,0.989685335562455,0.836518363690654,0.975763332880988
0.983990147783251,0.886876390212901,0.989377732026436,0.838012310463894,0.975695481069345
0.983723069618375,0.889736256752463,0.989640708730763,0.836195311333433,0.975695481069345
0.983648881239243,0.878773435017477,0.988621620412485,0.833860998040102,0.974691274257023
0.98361920588759,0.887670797585002,0.989447603695577,0.835002241817367,0.975424073822771
0.984390765030566,0.887035271687321,0.98939676385057,0.841446872645064,0.976075451214547
0.984479791085524,0.878455672068637,0.988601653877673,0.840912547528517,0.975424073822771
0.983500504480978,0.88433428662218,0.989136274100161,0.833483078766098,0.975030533315239
0.983530179832631,0.892278360343184,0.989875156800669,0.834968777876896,0.975736192156331
0.98407917383821,0.882268827454719,0.988950852916617,0.838062179293692,0.975383362735785
0.983322452371061,0.888782967905942,0.989547870751956,0.832688300089312,0.975247659112498
0.984301738975607,0.889736256752463,0.989646735887337,0.841093421447882,0.976224725200163
0.983693394266722,0.887035271687321,0.989389326647565,0.835528284944627,0.9754376441851
0.98357469286011,0.885923101366381,0.98928470159834,0.834355828220859,0.97523408875017
0.983485666805152,0.886876390212901,0.989372341219494,0.833756534727409,0.97523408875017
0.984212712920648,0.886558627264061,0.989350595113802,0.839855508729681,0.975871895779617
0.982714107662176,0.886876390212901,0.989364085864093,0.827330665480954,0.974528429909079
0.98407917383821,0.882268827454719,0.988950852916617,0.838062179293692,0.975383362735785
0.984034660810731,0.890689545598983,0.989732569245463,0.838970368153248,0.976061880852219
0.983708231942549,0.882904353352399,0.989005743268442,0.835011269722014,0.975098385126883
0.982832809068787,0.88496981251986,0.989188059077401,0.828006540805708,0.974474148459764
0.983292777019408,0.8852875754687,0.989222593742536,0.831890116452672,0.97492197041661
0.983396640750193,0.887035271687321,0.989386158714994,0.833034914950761,0.975166236938526
0.984019823134904,0.879726723863997,0.988714294233407,0.8371635923798,0.975111955489212
0.983604368211763,0.880521131236098,0.988783318168936,0.833759590792839,0.974799837155652
0.983530179832631,0.889259612329202,0.989594374692086,0.834501267332638,0.975478355272086
0.983307614695234,0.878455672068637,0.988588221254251,0.83092876465284,0.974352015198806
0.982966348151226,0.88433428662218,0.989130434782609,0.82901400059577,0.974542000271407
0.983901121728292,0.889100730854782,0.989583488785089,0.837599161802125,0.975804043967974
0.983841771024987,0.879250079440737,0.988668048369541,0.835573003170769,0.974908400054281
0.984108849189863,0.887829679059422,0.989467559785771,0.839165039795765,0.975885466141946
0.98382693334916,0.880997775659358,0.98883006487212,0.835719668425019,0.975044103677568
0.984375927354739,0.887194153161741,0.989411361162066,0.841343980714178,0.976075451214547
0.983545017508457,0.88417540514776,0.989122000716247,0.833832783937669,0.975057674039897
0.98361920588759,0.880838894184938,0.988812982906238,0.833935018050541,0.974840548242638
0.983856608700813,0.886717508738481,0.989361543396846,0.836857100014995,0.975559777446058
0.983604368211763,0.889736256752463,0.989639471523475,0.835197613721104,0.975586918170715
0.984390765030566,0.883539879250079,0.989072260238234,0.840919401179495,0.975776903243317
0.98453914178883,0.883539879250079,0.989073889129041,0.842192942601848,0.975912606866603
0.983025698854531,0.883222116301239,0.989027721796767,0.829330150678801,0.974501289184421
0.983723069618375,0.882904353352399,0.989005907273704,0.835136759843703,0.975111955489212
0.983455991453499,0.88544645694312,0.989239127190233,0.833283492822967,0.975084814764554
0.983396640750193,0.881474420082618,0.988869492562255,0.832158392080396,0.974691274257023
0.984346252003086,0.889100730854782,0.989588150181238,0.841377236505789,0.976211154837834
0.983663718915069,0.880997775659358,0.988828232205716,0.834336442973217,0.974894829691953
0.983455991453499,0.88401652367334,0.989106266135411,0.833058841143884,0.974962681503596
0.984702356222921,0.886081982840801,0.989311588801765,0.843976997578692,0.976279006649478
0.983856608700813,0.891007308547823,0.989760277039735,0.837514934289128,0.975926177228932
0.984034660810731,0.886717508738481,0.989363447854042,0.838365630163737,0.975722621794002
0.983441153777672,0.88465204957102,0.989165149389607,0.833034111310592,0.975003392590582
0.983723069618375,0.885605338417541,0.989256777928647,0.835556888022785,0.975342651648799
0.98387144637664,0.88401652367334,0.989110816092125,0.836565929935348,0.975342651648799
0.983515342156805,0.886081982840801,0.989298826900689,0.833881578947368,0.975193377663184
0.98290699744792,0.880521131236098,0.988775449280554,0.827905587092919,0.974162030126204
0.984405602706392,0.882904353352399,0.989013446229987,0.840950363196126,0.975736192156331
0.982981185827052,0.888147442008262,0.989485161232506,0.829746177823957,0.974881259329624
0.984702356222921,0.880362249761678,0.988780952948538,0.843122337188071,0.975790473605645
0.98407917383821,0.887988560533842,0.989482007519246,0.838937256079256,0.975871895779617
0.983915959404119,0.889259612329202,0.989598412153591,0.837748839994013,0.975831184692631
0.984197875244822,0.882904353352399,0.989011152859784,0.839172455451525,0.975546207083729
0.98458365481631,0.88481093104544,0.989192331773054,0.842766343825666,0.976061880852219
0.983915959404119,0.885923101366381,0.989288378338058,0.837237237237237,0.975546207083729
0.984019823134904,0.888624086431522,0.989540435690839,0.838530734632684,0.975871895779617
0.983841771024987,0.881951064505879,0.988918717375093,0.835993975903614,0.975139096213869
0.98357469286011,0.888147442008262,0.989491439404117,0.834702105420338,0.975424073822771
0.983901121728292,0.887988560533842,0.989480124149457,0.837428828288882,0.975709051431673
0.984034660810731,0.888782967905942,0.989555356609967,0.838680659670165,0.975899036504275
0.984212712920648,0.887829679059422,0.989468659566216,0.840048105832832,0.975980458678247
0.983975310107425,0.882109945980299,0.988934951832742,0.837153196622437,0.975274799837156
0.983782420321681,0.880838894184938,0.988814818128943,0.835317161368088,0.974989822228253
0.983693394266722,0.888782967905942,0.98955177097482,0.835798595547587,0.975586918170715
0.98357469286011,0.891325071496664,0.989786929060965,0.835194283162126,0.975695481069345
0.984094011514036,0.886399745789641,0.989334566446397,0.838821229890242,0.975749762518659
0.98311472490949,0.881156657133778,0.988836820583231,0.829742669060443,0.974406296648121
0.98265475695887,0.887035271687321,0.989378230601452,0.826866113744076,0.974487718822093
0.983485666805152,0.886081982840801,0.989298507462687,0.833632286995516,0.975166236938526
0.983737907294201,0.887511916110582,0.989434097421203,0.835977252319665,0.975519066359072
0.98361920588759,0.883698760724499,0.989078539030795,0.834383438343834,0.975084814764554
0.984049498486557,0.8852875754687,0.989230792178154,0.838272905069956,0.975614058895373
0.983678556590896,0.880997775659358,0.988828398836602,0.834462001504891,0.974908400054281
0.983530179832631,0.883539879250079,0.989062803085692,0.833608154699445,0.974989822228253
0.983693394266722,0.883063234826819,0.989020333268689,0.834910620399579,0.975098385126883
0.983144400261143,0.890530664124563,0.989708584146141,0.831479009049103,0.97523408875017
0.984168199893169,0.887670797585002,0.989453428008831,0.839645326119627,0.975926177228932
0.98382693334916,0.881633301557038,0.98888905460023,0.835818647386655,0.975098385126883
0.983886284052466,0.890848427073403,0.989745809513859,0.837740923352757,0.975939747591261
0.983411478426019,0.891801715919924,0.989829597216207,0.833902837616996,0.975586918170715
0.984301738975607,0.88544645694312,0.989248273908051,0.840446388176746,0.975858325417289
0.98336696539854,0.887353034636161,0.989415382777977,0.83283626603042,0.975166236938526
0.982951510475399,0.888306323482682,0.989499626587005,0.829525222551929,0.974867688967295
0.983604368211763,0.883698760724499,0.989078376079853,0.834258287085646,0.975071244402226
0.983782420321681,0.878455672068637,0.988593666129898,0.8349441256418,0.974786266793323
0.983752744970028,0.88544645694312,0.989242338336666,0.835782843431314,0.975356222011128
0.983500504480978,0.886081982840801,0.989298667184072,0.833756914336971,0.975179807300855
0.984094011514036,0.8852875754687,0.989231274050652,0.838651414810355,0.975654769982359
0.983263101667755,0.888624086431522,0.989532470247428,0.832167832167832,0.975179807300855
0.984227550596475,0.880838894184938,0.988819820222709,0.839110034811564,0.975396933098114
0.983099887233664,0.893231649189704,0.989959509330783,0.831533796775625,0.975424073822771
0.983708231942549,0.887670797585002,0.989448548615775,0.835751682872102,0.975505495996743
0.983960472431598,0.885923101366381,0.989288857726791,0.837614541084573,0.975586918170715
0.983990147783251,0.887829679059422,0.989466302612536,0.838158092095395,0.975776903243317
0.984375927354739,0.882904353352399,0.989013118664281,0.840695915279879,0.975709051431673
0.982996023502879,0.888306323482682,0.989500097083028,0.829894611845035,0.974908400054281
0.983812095673334,0.878932316491897,0.988638227444198,0.835271025215159,0.974854118604967
0.982921835123746,0.886876390212901,0.989366309721164,0.829050943115996,0.97471841498168
0.983693394266722,0.887670797585002,0.989448391140827,0.835626682620401,0.975491925634414
0.984361089678913,0.88385764219892,0.989101426803632,0.840713314190721,0.975776903243317
0.983307614695234,0.878614553543057,0.988602968598493,0.830954169797145,0.974365585561135
0.983960472431598,0.88433428662218,0.989141297376311,0.837370242214533,0.975451214547428
0.984479791085524,0.882268827454719,0.988955299518564,0.841491135020458,0.975749762518659
0.984494628761351,0.886558627264061,0.9893536121673,0.842264150943396,0.976129732663862
0.983960472431598,0.888465204957102,0.98952504588388,0.838003896298516,0.975804043967974
0.983767582645854,0.881951064505879,0.988917890968752,0.835364936042137,0.975071244402226
0.983530179832631,0.881792183031459,0.988900492316873,0.833333333333333,0.974840548242638
0.983441153777672,0.88481093104544,0.98917991194687,0.833059087509349,0.975016962952911
0.984257225948127,0.883063234826819,0.989026553950291,0.839703882761746,0.975614058895373
0.983411478426019,0.880997775659358,0.988825398719919,0.832207714242834,0.974664133532365
0.983767582645854,0.887670797585002,0.989449178468564,0.836252058075138,0.975559777446058
0.983975310107425,0.885605338417541,0.989259502356942,0.837691614066727,0.975573347808386
0.98382693334916,0.887511916110582,0.989435043423762,0.836728579988017,0.975600488533044
0.984123686865689,0.8852875754687,0.989231595275027,0.838903944595002,0.975681910707016
0.983411478426019,0.88385764219892,0.989091017624498,0.83265978146984,0.974908400054281
0.984227550596475,0.88512869399428,0.989217967072298,0.839764847753995,0.975763332880988
0.984049498486557,0.886240864315221,0.989319331115653,0.838418758454832,0.975695481069345
0.982936672799573,0.88401652367334,0.989100573339704,0.828716115579386,0.974487718822093
0.983455991453499,0.886081982840801,0.989298188005612,0.8333831440526,0.975139096213869
0.984123686865689,0.894661582459485,0.990102852707161,0.840322339949261,0.976482562084408
0.983455991453499,0.885605338417541,0.989253891732959,0.833308416803708,0.975098385126883
0.984138524541516,0.882427708929139,0.988966257622974,0.838592782726861,0.975451214547428
0.984346252003086,0.888624086431522,0.98954386802303,0.841305655836342,0.976170443750848
0.983129562585317,0.880680012710518,0.98879271750485,0.829790419161677,0.974379155923463
0.982847646744614,0.8844931680966,0.989143906700315,0.828052952550944,0.974447007735107
0.983099887233664,0.888147442008262,0.989486417466884,0.830732649725071,0.974989822228253
0.982966348151226,0.88481093104544,0.989174742060233,0.829090367723686,0.974582711358393
0.983174075612796,0.887194153161741,0.989398554619841,0.831199761833879,0.974976251865925
0.98433141432726,0.879885605338418,0.988732562298796,0.839854413102821,0.975410503460442
0.983663718915069,0.886876390212901,0.98937424448192,0.835253628609906,0.975396933098114
0.983723069618375,0.887353034636161,0.98941917382999,0.835827596527986,0.975491925634414
0.983945634755772,0.888624086431522,0.989539655301052,0.837902621722846,0.975804043967974
0.983411478426019,0.88401652367334,0.989105778414518,0.832684824902724,0.97492197041661
0.983307614695234,0.890848427073403,0.989739836912692,0.832887700534759,0.975410503460442
0.983545017508457,0.879408960915157,0.98867941413358,0.833082480433474,0.974650563170037
0.983322452371061,0.885605338417541,0.989252448053499,0.832188713048671,0.974976251865925
0.983693394266722,0.886558627264061,0.989345032905045,0.835454409342716,0.975396933098114
0.983515342156805,0.887035271687321,0.989387426114992,0.834030475052286,0.975274799837156
0.983737907294201,0.883539879250079,0.989065087345039,0.835361273847078,0.975179807300855
0.982892159772093,0.888624086431522,0.989528561185469,0.829083901571302,0.974840548242638
0.983648881239243,0.887194153161741,0.989403617694466,0.835177983846844,0.975410503460442
0.983634043563416,0.887670797585002,0.98944776119403,0.835127055306428,0.9754376441851
0.983233426316102,0.887353034636161,0.989413960432997,0.831720029784066,0.975044103677568
0.984034660810731,0.882586590403559,0.988979853561789,0.83773186548032,0.975369792373456
0.98407917383821,0.879885605338418,0.988729706763667,0.837694751172289,0.975179807300855
0.983233426316102,0.888782967905942,0.98954693426515,0.831945270672219,0.975166236938526
0.983752744970028,0.886558627264061,0.989345668880101,0.835955056179775,0.975451214547428
0.983604368211763,0.887988560533842,0.989476983700519,0.83492680011951,0.9754376441851
0.983723069618375,0.883380997775659,0.989050169319589,0.835211056031245,0.975152666576198
0.983559855184284,0.8844931680966,0.989151682459151,0.834007490636704,0.975098385126883
0.983188913288622,0.879726723863997,0.988704864219636,0.830134932533733,0.974352015198806
0.983648881239243,0.887988560533842,0.989477454887386,0.835301150799582,0.975478355272086
0.983455991453499,0.883380997775659,0.989047228232485,0.832958801498127,0.974908400054281
0.984138524541516,0.883539879250079,0.989069490008947,0.838763197586727,0.975546207083729
0.984168199893169,0.888147442008262,0.989497710083093,0.839717590506234,0.975966888315918
0.98387144637664,0.880362249761678,0.988771584503892,0.835998792999397,0.975030533315239
0.983678556590896,0.880203368287258,0.988754660700969,0.83433734939759,0.974840548242638
0.984123686865689,0.88433428662218,0.989143078712679,0.838758288125377,0.975600488533044
0.984301738975607,0.881792183031459,0.988909096329865,0.839891041162228,0.975546207083729
0.983678556590896,0.891483952971084,0.989802774003792,0.836090001490091,0.975804043967974
0.984034660810731,0.886717508738481,0.989363447854042,0.838365630163737,0.975722621794002
0.984464953409698,0.883222116301239,0.989043587144476,0.841507720254314,0.975817614330303
0.983975310107425,0.885923101366381,0.989289017513501,0.837740384615385,0.975600488533044
0.983930797079945,0.887353034636161,0.989421384023157,0.837582483503299,0.975681910707016
0.984108849189863,0.887829679059422,0.989467559785771,0.839165039795765,0.975885466141946
0.983500504480978,0.879726723863997,0.988708402320968,0.832756805534667,0.974636992807708
0.983337290046887,0.883380997775659,0.989045920575462,0.831961693850067,0.974799837155652
0.98357469286011,0.881474420082618,0.988871485045126,0.833658903080391,0.974854118604967
0.984509466437177,0.880044486812838,0.988749310802152,0.841409691629956,0.975586918170715
0.983782420321681,0.888306323482682,0.989508402232636,0.836475164572112,0.975627629257701
0.984183037568995,0.883063234826819,0.989025735842305,0.839070048309179,0.975546207083729
0.983203750964449,0.891325071496664,0.98978311525363,0.832097300504301,0.975356222011128
0.983307614695234,0.887511916110582,0.989429522686215,0.832364774251229,0.97512552585154
0.984464953409698,0.888624086431522,0.989545115585384,0.842319277108434,0.976279006649478
0.984004985459078,0.881633301557038,0.988891042750846,0.837332126150596,0.975261229474827
0.983441153777672,0.886081982840801,0.989298028269923,0.83325862841775,0.97512552585154
0.982966348151226,0.887511916110582,0.989425891630324,0.82952182952183,0.974813407517981
0.983752744970028,0.889577375278043,0.989626246343065,0.836420675231551,0.975709051431673
0.983752744970028,0.88481093104544,0.989183302002208,0.835684273709484,0.975301940561813
0.983901121728292,0.88512869399428,0.989214428498971,0.836989182692308,0.975464784909757
0.984019823134904,0.882586590403559,0.988979689224254,0.837605548854041,0.975356222011128
0.983322452371061,0.886558627264061,0.989341056340131,0.832338902147971,0.975057674039897
0.983515342156805,0.881951064505879,0.988915080264964,0.833233263284299,0.974840548242638
0.983990147783251,0.883380997775659,0.989053108827609,0.837475523422202,0.975396933098114
0.984049498486557,0.881951064505879,0.988921030657283,0.837760338062179,0.97532908128647
0.983233426316102,0.886399745789641,0.989325331064033,0.831569533462513,0.974962681503596
0.984628167843789,0.888782967905942,0.989561586638831,0.843740573152338,0.976441850997422
0.984094011514036,0.88401652367334,0.989113252005846,0.838456901748041,0.975546207083729
0.983693394266722,0.88481093104544,0.989182656441169,0.835182963407319,0.975247659112498
0.984375927354739,0.887194153161741,0.989411361162066,0.841343980714178,0.976075451214547
0.983901121728292,0.886240864315221,0.98931773762812,0.837160438241033,0.975559777446058
0.984732031574574,0.887194153161741,0.989415149753269,0.844397399062453,0.976401139910436
0.984272063623954,0.88385764219892,0.989100451787019,0.839951683527102,0.975695481069345
0.983915959404119,0.88417540514776,0.989126057188884,0.836967965107535,0.975396933098114
0.983396640750193,0.887511916110582,0.989430469508099,0.833109619686801,0.975206948025512
0.983856608700813,0.88465204957102,0.989169675090253,0.836538461538462,0.975383362735785
0.983233426316102,0.886876390212901,0.989369643763624,0.831644815256257,0.975003392590582
0.983886284052466,0.882268827454719,0.988948710682913,0.836421147763217,0.975206948025512
0.983455991453499,0.88512869399428,0.9892095994269,0.833233622494765,0.975057674039897
0.983322452371061,0.892755004766444,0.989917397344168,0.833308616342874,0.975586918170715
0.984034660810731,0.882268827454719,0.988950358628711,0.837682908432644,0.975342651648799
0.98311472490949,0.887194153161741,0.989397921395293,0.830705147277596,0.97492197041661
0.983070211882011,0.887670797585002,0.98944177294585,0.830410225921522,0.97492197041661
0.983188913288622,0.888306323482682,0.989502135412,0.831499107674004,0.975084814764554
0.983886284052466,0.88544645694312,0.989243782727395,0.836912449316714,0.975478355272086
0.983085049557837,0.889259612329202,0.98958971218616,0.830785215971501,0.975071244402226
0.983426316101846,0.887353034636161,0.989416014808622,0.833333333333333,0.975220518387841
0.984034660810731,0.887194153161741,0.989407727883037,0.838438438438438,0.975763332880988
0.984316576651433,0.879408960915157,0.988688187427345,0.839654126213592,0.975356222011128
0.984197875244822,0.881633301557038,0.988893195777924,0.838977925612337,0.9754376441851
0.983886284052466,0.887194153161741,0.989406147418681,0.837181409295352,0.975627629257701
0.983708231942549,0.885923101366381,0.989286140623135,0.835480970931975,0.975356222011128
0.983485666805152,0.880203368287258,0.988752479973746,0.832707049451375,0.974664133532365
0.984123686865689,0.883698760724499,0.989084076471115,0.838661037394451,0.975546207083729
0.98382693334916,0.887670797585002,0.989449808246161,0.836753032799161,0.975614058895373
0.984197875244822,0.889100730854782,0.989586596846141,0.840114096982435,0.976075451214547
0.983322452371061,0.880680012710518,0.98879489130597,0.831408429578521,0.974555570633736
0.98387144637664,0.887511916110582,0.98943551636152,0.837104750487037,0.97564119962003
0.983841771024987,0.885923101366381,0.98928757926147,0.836609152288072,0.975478355272086
0.984004985459078,0.892278360343184,0.989879992835393,0.83896026292202,0.976170443750848
0.9824470294973,0.883698760724499,0.989065650907461,0.824610822831727,0.974012756140589
0.98336696539854,0.889418493803622,0.989607442027146,0.83315969638339,0.975342651648799
0.984049498486557,0.881792183031459,0.988906284947439,0.837735849056604,0.975315510924142
0.984049498486557,0.888941849380362,0.989570277529096,0.838830584707646,0.975926177228932
0.983975310107425,0.886399745789641,0.989333293550745,0.837813485508335,0.97564119962003
0.982996023502879,0.882268827454719,0.98893881267633,0.828929690998657,0.974392726285792
0.98382693334916,0.882427708929139,0.988962801658563,0.835942203491872,0.975166236938526
0.983559855184284,0.887194153161741,0.98940266873638,0.834429169157203,0.97532908128647
0.983812095673334,0.886717508738481,0.989361067175983,0.836480815347722,0.975519066359072
0.983396640750193,0.888306323482682,0.989504329650642,0.833233979135618,0.975274799837156
0.98387144637664,0.881156657133778,0.988845310705817,0.83612241821197,0.975098385126883
0.984108849189863,0.88496981251986,0.989201926948948,0.838729107062189,0.97564119962003
0.98361920588759,0.887194153161741,0.989403301393988,0.834928229665072,0.975383362735785
0.983945634755772,0.889577375278043,0.989628258890597,0.838048196377788,0.975885466141946
0.984227550596475,0.890371782650143,0.989705026632648,0.840557972101395,0.976211154837834
0.984242388272301,0.88481093104544,0.989188624942215,0.839843160910873,0.975749762518659
0.983634043563416,0.888624086431522,0.989536376391916,0.835274790919952,0.975519066359072
0.98433141432726,0.886717508738481,0.989366620434582,0.840891969263221,0.975994029040575
0.983678556590896,0.888147442008262,0.989492537313433,0.835575485799701,0.975519066359072
0.983604368211763,0.88417540514776,0.989122649955237,0.834332833583208,0.975111955489212
0.984094011514036,0.879567842389577,0.98870039652962,0.837772397094431,0.975166236938526
0.984019823134904,0.887035271687321,0.989392809189915,0.838288288288288,0.975736192156331
0.983841771024987,0.882904353352399,0.989007219139669,0.836142040325007,0.975220518387841
0.983812095673334,0.881951064505879,0.988918386827348,0.835742246311352,0.975111955489212
0.983841771024987,0.885923101366381,0.98928757926147,0.836609152288072,0.975478355272086
0.983663718915069,0.881315538608198,0.988857730974613,0.834386281588448,0.97492197041661
0.983426316101846,0.88512869399428,0.989209277335005,0.832984449760766,0.975030533315239
0.983589530535937,0.885923101366381,0.989284861509074,0.834480694402873,0.975247659112498
0.983945634755772,0.886717508738481,0.989362495710684,0.837610685877233,0.97564119962003
0.984227550596475,0.880521131236098,0.988790340612656,0.839061317183952,0.975369792373456
0.983990147783251,0.887829679059422,0.989466302612536,0.838158092095395,0.975776903243317
0.983767582645854,0.882268827454719,0.988947391972316,0.835414472694449,0.975098385126883
0.98387144637664,0.8844931680966,0.989155080852079,0.836639615269011,0.975383362735785
0.983485666805152,0.880521131236098,0.988781979562915,0.832757325319309,0.974691274257023
0.983530179832631,0.890848427073403,0.98974213489018,0.834747655203216,0.975614058895373
0.983530179832631,0.882745471877979,0.988989018858916,0.833483348334834,0.97492197041661
0.983767582645854,0.883063234826819,0.989021152182344,0.835538184004811,0.975166236938526
0.983886284052466,0.883698760724499,0.989081471316488,0.836642599277978,0.97532908128647
0.983648881239243,0.890689545598983,0.989728583798632,0.835718545020871,0.975709051431673
0.98336696539854,0.888147442008262,0.989489242897027,0.832960810609447,0.97523408875017
0.983678556590896,0.881474420082618,0.988872646997405,0.83453670276775,0.974949111141267
0.983411478426019,0.886558627264061,0.989342010986386,0.833084502836668,0.975139096213869
0.983901121728292,0.889736256752463,0.989642563987762,0.837696335078534,0.975858325417289
0.983441153777672,0.887353034636161,0.98941617280449,0.833457692881659,0.97523408875017
0.984628167843789,0.88433428662218,0.989148580968281,0.843077855195395,0.976061880852219
0.983589530535937,0.887988560533842,0.989476826628853,0.834802091112771,0.975424073822771
0.983515342156805,0.887511916110582,0.989431731673458,0.834104823055099,0.975315510924142
0.98315923793697,0.88417540514776,0.989117778772951,0.830597014925373,0.974704844619351
0.984004985459078,0.882268827454719,0.988950029078871,0.837430251847384,0.975315510924142
0.983812095673334,0.882268827454719,0.988947886525669,0.835791691751957,0.975139096213869
0.983678556590896,0.879250079440737,0.988666189453591,0.834187518842327,0.974759126068666
0.983218588640275,0.88512869399428,0.989207022153221,0.831244404655327,0.974840548242638
0.983545017508457,0.882745471877979,0.988989183140619,0.833608402100525,0.974935540778939
0.983426316101846,0.887035271687321,0.989386475593372,0.833283582089552,0.975193377663184
0.983663718915069,0.887194153161741,0.989403775837624,0.83530291697831,0.975424073822771
0.983797257997507,0.88465204957102,0.989169028793078,0.836036036036036,0.97532908128647
0.983530179832631,0.892437241817604,0.989889939220166,0.834993310539616,0.975749762518659
0.983841771024987,0.885605338417541,0.989258060184702,0.836560108059433,0.975451214547428
0.983396640750193,0.886399745789641,0.989327083830905,0.832935204538668,0.975111955489212
0.983292777019408,0.887511916110582,0.989429364866075,0.832240762812873,0.975111955489212
0.984405602706392,0.889577375278043,0.989633054892601,0.841954887218045,0.976306147374135
0.983915959404119,0.886081982840801,0.98930313744797,0.837261672421558,0.975559777446058
0.98357469286011,0.886876390212901,0.989373292935926,0.834504410225744,0.975315510924142
0.983589530535937,0.88496981251986,0.989196287342943,0.834331935290593,0.975166236938526
0.983604368211763,0.886081982840801,0.989299785100286,0.834630350194553,0.975274799837156
0.983693394266722,0.887194153161741,0.98940409210978,0.835552895406255,0.975451214547428
0.983292777019408,0.882904353352399,0.989001149133673,0.831512793655544,0.97471841498168
0.983470829129325,0.889418493803622,0.98960852817343,0.834028605482718,0.9754376441851
0.983604368211763,0.888624086431522,0.989536064007643,0.83502538071066,0.975491925634414
0.983678556590896,0.889100730854782,0.989581156521479,0.835722819593787,0.975600488533044
0.98382693334916,0.880362249761678,0.988771082181363,0.835620570049766,0.974989822228253
0.98407917383821,0.889100730854782,0.989585353844317,0.839106312790523,0.975966888315918
0.984464953409698,0.886876390212901,0.98938280073366,0.842057625584553,0.976129732663862
0.983930797079945,0.883380997775659,0.989052455740003,0.836971247930152,0.975342651648799
0.983411478426019,0.889577375278043,0.989622683768086,0.833556647312788,0.975396933098114
0.984316576651433,0.885764219891961,0.989277938500999,0.84062123039807,0.975899036504275
0.984672680871268,0.892755004766444,0.989931083862884,0.844708358388455,0.976821821142625
0.983381803074366,0.891007308547823,0.989755383650429,0.833531510107015,0.975491925634414
0.983648881239243,0.885605338417541,0.989255976363148,0.834931096464949,0.975274799837156
0.984301738975607,0.88385764219892,0.98910077681194,0.840205407038212,0.975722621794002
0.983737907294201,0.88496981251986,0.989197899259967,0.835583558355836,0.975301940561813
0.983470829129325,0.88496981251986,0.989194997462914,0.833333333333333,0.975057674039897
0.983841771024987,0.883380997775659,0.989051475962471,0.836215972326666,0.975261229474827
0.983589530535937,0.887988560533842,0.989476826628853,0.834802091112771,0.975424073822771
0.983381803074366,0.890848427073403,0.989740603019578,0.833506763787721,0.975478355272086
0.983441153777672,0.880362249761678,0.988766726836036,0.832356917530419,0.974636992807708
0.984464953409698,0.88465204957102,0.989176295191949,0.84172335600907,0.975939747591261
0.98407917383821,0.889259612329202,0.989600119367353,0.839130434782609,0.975980458678247
0.984212712920648,0.88401652367334,0.989114550714264,0.83946891973446,0.975654769982359
0.983129562585317,0.889418493803622,0.989604958554253,0.831180400890869,0.97512552585154
0.983352127722714,0.891325071496664,0.989784641118313,0.833333333333333,0.975491925634414
0.983500504480978,0.889259612329202,0.989594063988295,0.834252496646296,0.975451214547428
0.983530179832631,0.891801715919924,0.989830812191079,0.834895136099955,0.975695481069345
0.983441153777672,0.885605338417541,0.989253731343284,0.833183856502242,0.975084814764554
0.983381803074366,0.883380997775659,0.989046410983435,0.832335329341317,0.974840548242638
0.983782420321681,0.883063234826819,0.989021315950417,0.835663809953391,0.975179807300855
0.983411478426019,0.883698760724499,0.989076257275034,0.832634730538922,0.974894829691953
0.983930797079945,0.886081982840801,0.98930329703118,0.837387387387387,0.975573347808386
0.984197875244822,0.889418493803622,0.989616124845212,0.840162089149032,0.976102591939205
0.983648881239243,0.888306323482682,0.989506992850426,0.835350366054086,0.975505495996743
0.98458365481631,0.877661264696536,0.988529205833718,0.841688252323633,0.975451214547428
0.983010861178705,0.885605338417541,0.989249077959117,0.829587736270278,0.974691274257023
0.983648881239243,0.886399745789641,0.989329791520542,0.835054632540039,0.975342651648799
0.984094011514036,0.886876390212901,0.989378841219643,0.838893898406973,0.975790473605645
0.984004985459078,0.8844931680966,0.989156536654486,0.837772761474793,0.975505495996743
0.983678556590896,0.886081982840801,0.989300583468879,0.835255354200989,0.975342651648799
0.983678556590896,0.886240864315221,0.989315346505104,0.835280023959269,0.975356222011128
0.984242388272301,0.88481093104544,0.989188624942215,0.839843160910873,0.975749762518659
0.983470829129325,0.885605338417541,0.989254052117847,0.833433014354067,0.975111955489212
0.984643005519615,0.885605338417541,0.989266707413426,0.843395369950068,0.976184014113177
0.983678556590896,0.887035271687321,0.98938916829585,0.83540326200808,0.975424073822771
0.983589530535937,0.88481093104544,0.989181526523913,0.834307116104869,0.975152666576198
0.983337290046887,0.880997775659358,0.988824565068187,0.831583683263347,0.974596281720722
0.983530179832631,0.886081982840801,0.98929898661254,0.834006280843428,0.975206948025512
0.983663718915069,0.882745471877979,0.988990497217788,0.834610184767913,0.975044103677568
0.983203750964449,0.880362249761678,0.98876404494382,0.830361156900944,0.974419867010449
0.983292777019408,0.885923101366381,0.989281662387293,0.831990450611758,0.974976251865925
0.983559855184284,0.881633301557038,0.988886071039637,0.833558660057083,0.974854118604967
0.984123686865689,0.888782967905942,0.989556291588339,0.839435774309724,0.975980458678247
0.983767582645854,0.886717508738481,0.989360590912482,0.836104868913858,0.975478355272086
0.983901121728292,0.887035271687321,0.989391543075408,0.837282543491302,0.975627629257701
0.984494628761351,0.881951064505879,0.988925984439741,0.841570648878108,0.975736192156331
0.983915959404119,0.88417540514776,0.989126057188884,0.836967965107535,0.975396933098114
0.983945634755772,0.880997775659358,0.988831397342797,0.836728534781953,0.975152666576198
0.984019823134904,0.88496981251986,0.98920096057754,0.837972017451482,0.975559777446058
0.983975310107425,0.885923101366381,0.989289017513501,0.837740384615385,0.975600488533044
0.982951510475399,0.883539879250079,0.989056434756644,0.82876304023845,0.974460578097435
0.984004985459078,0.881633301557038,0.988891042750846,0.837332126150596,0.975261229474827
0.98382693334916,0.876072449952336,0.988373132993471,0.834948516050878,0.974623422445379
0.983174075612796,0.887035271687321,0.989383781523898,0.831174631531934,0.974962681503596
0.98407917383821,0.88481093104544,0.989186851211073,0.838452273411623,0.975600488533044
0.983663718915069,0.881156657133778,0.988842981370165,0.834361366029788,0.974908400054281
0.983010861178705,0.889418493803622,0.989603716372653,0.83019427554501,0.975016962952911
0.983797257997507,0.879408960915157,0.988682283822674,0.835219556360344,0.974881259329624
0.983960472431598,0.888941849380362,0.989569343719223,0.838076692630318,0.97584475505496
0.984019823134904,0.8844931680966,0.989156698386183,0.837898856110777,0.975519066359072
0.983990147783251,0.887035271687321,0.989392492689622,0.838036625637947,0.975709051431673
0.984094011514036,0.886558627264061,0.98934932426385,0.838845460012026,0.975763332880988
0.983945634755772,0.883063234826819,0.989023117076808,0.837048192771084,0.97532908128647
0.98433141432726,0.890054019701303,0.989676572383339,0.841393811955542,0.976279006649478
0.983559855184284,0.882745471877979,0.98898934741742,0.833733493397359,0.974949111141267
0.983144400261143,0.880680012710518,0.988792884750265,0.829914657882917,0.974392726285792
0.983678556590896,0.882427708929139,0.988961155200191,0.834685903216111,0.975030533315239
0.982669594634696,0.879885605338418,0.988713722680043,0.82582761705935,0.973890622879631
0.984004985459078,0.891325071496664,0.989791349511955,0.838815789473684,0.976089021576876
0.983812095673334,0.88496981251986,0.989198705038118,0.836210779162288,0.975369792373456
0.98361920588759,0.88417540514776,0.989122812252876,0.834457939721098,0.97512552585154
0.983767582645854,0.889736256752463,0.98964117260732,0.836570062742755,0.975736192156331
0.983307614695234,0.881156657133778,0.988838985959206,0.831359616249438,0.974582711358393
0.98361920588759,0.888306323482682,0.989506679602955,0.835100821508589,0.975478355272086
0.984435278058045,0.88544645694312,0.989249716705433,0.841588643914225,0.975980458678247
0.983559855184284,0.8844931680966,0.989151682459151,0.834007490636704,0.975098385126883
0.983782420321681,0.891801715919924,0.989833393049086,0.837011631374888,0.975926177228932
0.983841771024987,0.879408960915157,0.988682790087377,0.835597826086957,0.97492197041661
0.983767582645854,0.889100730854782,0.989582089552239,0.836472346786248,0.975681910707016
0.983930797079945,0.885923101366381,0.98928853813907,0.837362967412524,0.975559777446058
0.983485666805152,0.8844931680966,0.989150873004029,0.833383233532934,0.975030533315239
0.984064336162384,0.885764219891961,0.989275219641712,0.838471950669274,0.975668340344687
0.983545017508457,0.883698760724499,0.989077724227458,0.833758057262779,0.975016962952911
0.984108849189863,0.88544645694312,0.989246189183546,0.838801926550271,0.975681910707016
0.98361920588759,0.891325071496664,0.989787386526517,0.835567470956211,0.975736192156331
0.983441153777672,0.88433428662218,0.989135625596944,0.832984136486082,0.974976251865925
0.98428690129978,0.88481093104544,0.989189108586085,0.840223295111648,0.975790473605645
0.983129562585317,0.886558627264061,0.989338987353112,0.830728003573024,0.974881259329624
0.983500504480978,0.889259612329202,0.989594063988295,0.834252496646296,0.975451214547428
0.983678556590896,0.88385764219892,0.989093947215301,0.834909200060033,0.975152666576198
0.984435278058045,0.879885605338418,0.98873373768684,0.840746925762866,0.975505495996743
0.982817971392961,0.886081982840801,0.989291315062355,0.828062360801782,0.974555570633736
0.983752744970028,0.885923101366381,0.989286620212179,0.835856693149453,0.975396933098114
0.983708231942549,0.887829679059422,0.989463315622948,0.835776248878253,0.975519066359072
0.983604368211763,0.886399745789641,0.989329313792795,0.834679832435667,0.975301940561813
0.983797257997507,0.887829679059422,0.989464259065811,0.836526946107784,0.975600488533044
0.983085049557837,0.888941849380362,0.989560152341125,0.830734966592428,0.975044103677568
0.984257225948127,0.88417540514776,0.989129786472623,0.839873226682765,0.975709051431673
0.984019823134904,0.883539879250079,0.989068185885581,0.837752335040675,0.9754376441851
0.984212712920648,0.882745471877979,0.988996570746981,0.839274924471299,0.975546207083729
0.983841771024987,0.882268827454719,0.988948216203317,0.836043360433604,0.975166236938526
0.983723069618375,0.8844931680966,0.989153462835318,0.835384153661465,0.975247659112498
0.984568817140483,0.886240864315221,0.989324904580153,0.842852825627078,0.976170443750848
0.983752744970028,0.883698760724499,0.989080005370489,0.835511491662911,0.975206948025512
0.98428690129978,0.886717508738481,0.989366144668158,0.840512048192771,0.975953317953589
0.983604368211763,0.886558627264061,0.98934407880009,0.834704562453254,0.975315510924142
0.983886284052466,0.883063234826819,0.989022462190138,0.836544250451535,0.975274799837156
0.98357469286011,0.880838894184938,0.98881248228643,0.833558863328823,0.974799837155652
0.98357469286011,0.88512869399428,0.989210887602221,0.834231805929919,0.975166236938526
0.98361920588759,0.880362249761678,0.988768737415169,0.833860045146727,0.974799837155652
0.983455991453499,0.887353034636161,0.989416330795641,0.833582089552239,0.975247659112498
0.983737907294201,0.888465204957102,0.989522700814901,0.836124401913876,0.975600488533044
0.983737907294201,0.883380997775659,0.989050332667005,0.835336538461538,0.975166236938526
0.98361920588759,0.882109945980299,0.988930990243757,0.834134615384615,0.974949111141267
0.984257225948127,0.885605338417541,0.989262545671464,0.840090429540317,0.975831184692631
0.98357469286011,0.88544645694312,0.989240411878824,0.834281437125749,0.975193377663184
0.983500504480978,0.88481093104544,0.989180557835515,0.833557850621164,0.975071244402226
0.983055374206184,0.888624086431522,0.989530281532372,0.830438010393467,0.974989822228253
0.983337290046887,0.893390530664125,0.989976696940727,0.833530981322265,0.975654769982359
0.98361920588759,0.875595805529075,0.988326500186359,0.833106575963719,0.974392726285792
0.98361920588759,0.889259612329202,0.989595306692143,0.835248470377556,0.975559777446058
0.983856608700813,0.887353034636161,0.98942059477446,0.836954892851791,0.975614058895373
0.983589530535937,0.887670797585002,0.989447288684568,0.834752726729419,0.975396933098114
0.983767582645854,0.887194153161741,0.989404882707575,0.836178496555855,0.975519066359072
0.983975310107425,0.888306323482682,0.989510437338665,0.83810523159946,0.975804043967974
0.983797257997507,0.882586590403559,0.988977223572931,0.835715360312923,0.975152666576198
0.983708231942549,0.888465204957102,0.989522388059701,0.835874439461883,0.975573347808386
0.983381803074366,0.880680012710518,0.98879555999821,0.831907549152034,0.974609852083051
0.983723069618375,0.889577375278043,0.989625936651043,0.836170848267622,0.975681910707016
0.983455991453499,0.887194153161741,0.989401561403771,0.833557247350351,0.97523408875017
0.983233426316102,0.88417540514776,0.989118590939622,0.831217326362957,0.974772696430995
0.983292777019408,0.88433428662218,0.989134004000119,0.831739390316796,0.974840548242638
0.983455991453499,0.889259612329202,0.989593597897817,0.833879618593564,0.975410503460442
0.984242388272301,0.882745471877979,0.988996898854962,0.839528558476881,0.975573347808386
0.984138524541516,0.885764219891961,0.989276019449333,0.839102950030102,0.975736192156331
0.983085049557837,0.888465204957102,0.989515815884584,0.83065953654189,0.975003392590582
0.983693394266722,0.880838894184938,0.988813817173028,0.834562697576396,0.974908400054281
0.983915959404119,0.892278360343184,0.989879086430811,0.838208955223881,0.976089021576876
0.98387144637664,0.88401652367334,0.989110816092125,0.836565929935348,0.975342651648799
0.983337290046887,0.882904353352399,0.989001641546038,0.83188622754491,0.974759126068666
0.983708231942549,0.883222116301239,0.989035251294139,0.835060838215412,0.97512552585154
0.984004985459078,0.890530664124563,0.989717492202307,0.838695196767919,0.976021169765233
0.983203750964449,0.886717508738481,0.989354554548576,0.831371964844332,0.974962681503596
0.983426316101846,0.889736256752463,0.989637615158347,0.833705523299092,0.975424073822771
0.984509466437177,0.880997775659358,0.988837722239609,0.84155410532706,0.975668340344687
0.984924921360318,0.887829679059422,0.989476194735116,0.846153846153846,0.976631836070023
0.983693394266722,0.88481093104544,0.989182656441169,0.835182963407319,0.975247659112498
0.984732031574574,0.883063234826819,0.989031786954384,0.843783209351753,0.97604831048989
0.983723069618375,0.888147442008262,0.989493007775771,0.835950351428144,0.975559777446058
0.983648881239243,0.880838894184938,0.988813316627886,0.834185976527234,0.974867688967295
0.98407917383821,0.880203368287258,0.988759187202767,0.837743837895055,0.975206948025512
0.98407917383821,0.886717508738481,0.989363923861806,0.838743612864442,0.975763332880988
0.983396640750193,0.886876390212901,0.989371389332577,0.833009998507685,0.975152666576198
0.983856608700813,0.878773435017477,0.98862399546749,0.835624716724581,0.974881259329624
0.983723069618375,0.88385764219892,0.989094435327465,0.835285285285285,0.975193377663184
0.984272063623954,0.887988560533842,0.98948404707567,0.840577530455708,0.97604831048989
0.98357469286011,0.889418493803622,0.989609614092707,0.83489932885906,0.9755326367214
0.983812095673334,0.885605338417541,0.989257739649385,0.836309077269317,0.975424073822771
0.983767582645854,0.887670797585002,0.989449178468564,0.836252058075138,0.975559777446058
0.983678556590896,0.889418493803622,0.989610699785049,0.835771872200657,0.975627629257701
0.984094011514036,0.878296790594217,0.988582501117901,0.837575757575758,0.975057674039897
0.983545017508457,0.885605338417541,0.989254853970481,0.83405656142451,0.975179807300855
0.983604368211763,0.881474420082618,0.988871817056252,0.833909514504735,0.974881259329624
0.984390765030566,0.889895138226883,0.989662425227859,0.841875845483241,0.976319717736464
0.983426316101846,0.886558627264061,0.989342170077471,0.833208899507242,0.975152666576198
0.983455991453499,0.886876390212901,0.9893720239428,0.833507540689861,0.975206948025512
0.983915959404119,0.889895138226883,0.989657488247146,0.837845923709798,0.975885466141946
0.983396640750193,0.887670797585002,0.989445240654485,0.833134506412168,0.975220518387841
0.983901121728292,0.887511916110582,0.989435831629836,0.837355718782791,0.975668340344687
0.984361089678913,0.886240864315221,0.989322675892511,0.841073582629674,0.975980458678247
0.98428690129978,0.881474420082618,0.988879447848188,0.839715453307099,0.975505495996743
0.983693394266722,0.886399745789641,0.989330269205515,0.835429769392034,0.975383362735785
0.983960472431598,0.883698760724499,0.989082285560875,0.837272316724372,0.975396933098114
0.983960472431598,0.887829679059422,0.989465988272333,0.837906732643575,0.975749762518659
0.983990147783251,0.88465204957102,0.989171128976925,0.837671129833007,0.975505495996743
0.983485666805152,0.887353034636161,0.989416646763793,0.833830994326665,0.975274799837156
0.984064336162384,0.88512869399428,0.989216198075919,0.838374717832957,0.975614058895373
0.983470829129325,0.886081982840801,0.989298347736533,0.833507696906292,0.975152666576198
0.983930797079945,0.890054019701303,0.989672412506529,0.837995512341062,0.975912606866603
0.983307614695234,0.886081982840801,0.989296590434108,0.832139659803044,0.975003392590582
0.983559855184284,0.886717508738481,0.989358367785555,0.834354911047989,0.975288370199484
0.984183037568995,0.882268827454719,0.988952006083106,0.838948481643753,0.975478355272086
0.983337290046887,0.888941849380362,0.989562802365168,0.832837153914856,0.975274799837156
0.98387144637664,0.889259612329202,0.989597946452556,0.837372830640335,0.975790473605645
0.984049498486557,0.878932316491897,0.988640937346273,0.837293779324958,0.975071244402226
0.984346252003086,0.88417540514776,0.989130758908603,0.840634441087613,0.975790473605645
0.983426316101846,0.886399745789641,0.989327402453951,0.833183990442055,0.975139096213869
0.983782420321681,0.88385764219892,0.989095086075723,0.835787259615385,0.975247659112498
0.983411478426019,0.886558627264061,0.989342010986386,0.833084502836668,0.975139096213869
0.983752744970028,0.888147442008262,0.989493321393926,0.836200448765894,0.975586918170715
0.983648881239243,0.888306323482682,0.989506992850426,0.835350366054086,0.975505495996743
0.984435278058045,0.886240864315221,0.989323471959203,0.841708163573261,0.97604831048989
0.983737907294201,0.889736256752463,0.989640863360898,0.836320191158901,0.975709051431673
0.983500504480978,0.879885605338418,0.988723150357995,0.832781954887218,0.974650563170037
0.983663718915069,0.880044486812838,0.988739746457867,0.834186746987952,0.974813407517981
0.98382693334916,0.882745471877979,0.98899230356184,0.835991573879025,0.975193377663184
0.98357469286011,0.886558627264061,0.989343760727132,0.834454912516824,0.975288370199484
0.983975310107425,0.888941849380362,0.989569499365814,0.838202247191011,0.975858325417289
0.983708231942549,0.889100730854782,0.989581467550302,0.835972512697938,0.975627629257701
0.984034660810731,0.883380997775659,0.989053598592179,0.83785412899337,0.9754376441851
0.984138524541516,0.881156657133778,0.98884830413716,0.838397581254724,0.975342651648799
0.98290699744792,0.886240864315221,0.989307048984468,0.828826151560178,0.974650563170037
0.98382693334916,0.883698760724499,0.989080819833527,0.836139506915213,0.975274799837156
0.983737907294201,0.886717508738481,0.989360273379792,0.835854425640258,0.975451214547428
0.983530179832631,0.889259612329202,0.989594374692086,0.834501267332638,0.975478355272086
0.983782420321681,0.888465204957102,0.989523169912693,0.836499626028422,0.97564119962003
0.982758620689655,0.888147442008262,0.989482804983716,0.827902843601896,0.974677703894694
0.98387144637664,0.880044486812838,0.988742097101276,0.835949290673106,0.975003392590582
0.984732031574574,0.887511916110582,0.989444651509504,0.844444444444444,0.976428280635093
0.983025698854531,0.886240864315221,0.989308326364831,0.829812555786968,0.974759126068666
0.983470829129325,0.883380997775659,0.989047391667661,0.833083608031166,0.97492197041661
0.983500504480978,0.8852875754687,0.989224845536221,0.833632555356074,0.975111955489212
0.984227550596475,0.88481093104544,0.989188463717976,0.839716525934861,0.975736192156331
0.983812095673334,0.88496981251986,0.989198705038118,0.836210779162288,0.975369792373456
0.983737907294201,0.886558627264061,0.989345509893455,0.835829838226483,0.9754376441851
0.983886284052466,0.883063234826819,0.989022462190138,0.836544250451535,0.975274799837156
0.983648881239243,0.891483952971084,0.989802469504457,0.835840905705348,0.975776903243317
0.984835895305359,0.889100730854782,0.989593272900763,0.845572680568147,0.97665897679468
0.983812095673334,0.890689545598983,0.989730270326751,0.83709123488129,0.975858325417289
0.984064336162384,0.879250079440737,0.988670582272443,0.837469733656174,0.975111955489212
0.983277939343581,0.879250079440737,0.988661624073162,0.830806185257469,0.974392726285792
0.983263101667755,0.883698760724499,0.989074626865672,0.831390134529148,0.974759126068666
0.983812095673334,0.886399745789641,0.989331542823038,0.836431784107946,0.975491925634414
0.983648881239243,0.88512869399428,0.98921169255562,0.83485688595834,0.97523408875017
0.984034660810731,0.880362249761678,0.988773425968721,0.8373885446577,0.975179807300855
0.98357469286011,0.880521131236098,0.988782983547381,0.833508798315536,0.974772696430995
0.984064336162384,0.882904353352399,0.989009678044707,0.838033479113256,0.975424073822771
0.983248263991928,0.887035271687321,0.989384574039237,0.831793802145411,0.975030533315239
0.983307614695234,0.882745471877979,0.988986554044979,0.831612034126628,0.97471841498168
0.983678556590896,0.881951064505879,0.988916899118424,0.834611336641107,0.974989822228253
0.983648881239243,0.887035271687321,0.98938885157824,0.835153328347046,0.975396933098114
0.983515342156805,0.8852875754687,0.989225006342621,0.833757294628161,0.97512552585154
0.984153362217342,0.88544645694312,0.989246670345568,0.839180846258094,0.975722621794002
0.983856608700813,0.874642516682555,0.988240904958493,0.834976490216897,0.974528429909079
0.983233426316102,0.883063234826819,0.989015253276022,0.831040669856459,0.974677703894694
0.983767582645854,0.885605338417541,0.98925725881054,0.835932813437313,0.975383362735785
0.983930797079945,0.886081982840801,0.98930329703118,0.837387387387387,0.975573347808386
0.98336696539854,0.886240864315221,0.989311997133943,0.832661591282281,0.975071244402226
0.983500504480978,0.883539879250079,0.98906247668502,0.833358309605874,0.974962681503596
0.983144400261143,0.886558627264061,0.989339146534476,0.830851697438952,0.974894829691953
0.983634043563416,0.88401652367334,0.989108216582367,0.834558272086396,0.97512552585154
0.984361089678913,0.891166190022243,0.989780237814612,0.841812997148432,0.976401139910436
0.98387144637664,0.881156657133778,0.988845310705817,0.83612241821197,0.975098385126883
0.98286248442044,0.882745471877979,0.988981621105123,0.827894501564595,0.97431130411182
0.983663718915069,0.888147442008262,0.989492380483291,0.835450605290689,0.975505495996743
0.984123686865689,0.882904353352399,0.989010333566945,0.838539308887883,0.975478355272086
0.983975310107425,0.877343501747696,0.988492725971858,0.836413208118752,0.974867688967295
0.984004985459078,0.888941849380362,0.98956981064506,0.838453469204256,0.975885466141946
0.983752744970028,0.8852875754687,0.989227578592423,0.835758212089395,0.975342651648799
0.984034660810731,0.880997775659358,0.9888323964872,0.837486784473644,0.97523408875017
0.983396640750193,0.885605338417541,0.989253250145529,0.832810398924249,0.975044103677568
0.983485666805152,0.883698760724499,0.989077072297247,0.833258426966292,0.974962681503596
0.983990147783251,0.889577375278043,0.989628723213753,0.83842467804732,0.975926177228932
0.983901121728292,0.881951064505879,0.98891937841143,0.836497890295359,0.975193377663184
0.983693394266722,0.88401652367334,0.989108866576156,0.835059282605433,0.975179807300855
0.98382693334916,0.886717508738481,0.989361225921008,0.836606205966122,0.9755326367214
0.983930797079945,0.890054019701303,0.989672412506529,0.837995512341062,0.975912606866603
0.983559855184284,0.889259612329202,0.989594685377323,0.834750186428039,0.975505495996743
0.983099887233664,0.886399745789641,0.989323896553784,0.830455492706163,0.974840548242638
0.98382693334916,0.882427708929139,0.988962801658563,0.835942203491872,0.975166236938526
0.983010861178705,0.886081982840801,0.989293393859754,0.82966379053853,0.974731985344009
0.983782420321681,0.886240864315221,0.98931646249571,0.83615649827612,0.975451214547428
0.983441153777672,0.889577375278043,0.989622993654349,0.833804914370812,0.975424073822771
0.983604368211763,0.887353034636161,0.989417910447761,0.834828101644245,0.975383362735785
0.983841771024987,0.888624086431522,0.989538562559694,0.837024842861419,0.975709051431673
0.983693394266722,0.882586590403559,0.988976072558029,0.834836188758641,0.975057674039897
0.983530179832631,0.886717508738481,0.989358050120151,0.834105514870722,0.975261229474827
0.983129562585317,0.888941849380362,0.989560620090206,0.831105169340463,0.975084814764554
0.98428690129978,0.883698760724499,0.989085866793899,0.840054372451291,0.975695481069345
0.983559855184284,0.887035271687321,0.98938790131196,0.834404423852937,0.975315510924142
0.983678556590896,0.878296790594217,0.98857773403716,0.834037417018708,0.974677703894694
0.982966348151226,0.888624086431522,0.989529343231415,0.829698857736241,0.974908400054281
0.983500504480978,0.88433428662218,0.989136274100161,0.833483078766098,0.975030533315239
0.983737907294201,0.886240864315221,0.989315984242569,0.835780641294576,0.975410503460442
0.984019823134904,0.885764219891961,0.989274739699872,0.838093806374023,0.975627629257701
0.983634043563416,0.887670797585002,0.98944776119403,0.835127055306428,0.9754376441851
0.983292777019408,0.886558627264061,0.989340738086707,0.832090665076051,0.975030533315239
0.983886284052466,0.886558627264061,0.989347099546431,0.837083708370837,0.975573347808386
0.983085049557837,0.88417540514776,0.989116966485034,0.829977628635347,0.974636992807708
0.984004985459078,0.880362249761678,0.988773091201861,0.837135518960568,0.975152666576198
0.984168199893169,0.883063234826819,0.989025572206069,0.838943396226415,0.9755326367214
0.984153362217342,0.881156657133778,0.988848470391794,0.838524342304203,0.975356222011128
0.983099887233664,0.8844931680966,0.989146661889406,0.830152102594691,0.974677703894694
0.983233426316102,0.887988560533842,0.989473055501635,0.831820211340973,0.975098385126883
0.983767582645854,0.888465204957102,0.98952301355143,0.836374513909662,0.975627629257701
0.983915959404119,0.887511916110582,0.989435989256938,0.837481259370315,0.975681910707016
0.983559855184284,0.88385764219892,0.989092645369224,0.833907959826113,0.975044103677568
0.98361920588759,0.88481093104544,0.9891818493815,0.834557170687847,0.975179807300855
0.983960472431598,0.890371782650143,0.989702261025297,0.83829468960359,0.975966888315918
0.984064336162384,0.887988560533842,0.98948185059752,0.838811346240432,0.975858325417289
0.983648881239243,0.889577375278043,0.989625162340086,0.835546933293538,0.975614058895373
0.983381803074366,0.883063234826819,0.989016892496866,0.832285115303983,0.974813407517981
0.983634043563416,0.880521131236098,0.988783652770527,0.834010534236268,0.974826977880309
0.983277939343581,0.879885605338418,0.988720626631854,0.830907726931733,0.974447007735107
0.983129562585317,0.882268827454719,0.988940298507463,0.830044843049327,0.97451485954675
0.982817971392961,0.882745471877979,0.988981127568084,0.827524575513852,0.974270593024834
0.983455991453499,0.883222116301239,0.989032469857944,0.832933772849865,0.974894829691953
0.983663718915069,0.879726723863997,0.988710254727674,0.834136788189214,0.974786266793323
0.983886284052466,0.876231331426756,0.988388558482016,0.83547947280715,0.974691274257023
0.983975310107425,0.880997775659358,0.988831730410796,0.836981132075472,0.975179807300855
0.984049498486557,0.88512869399428,0.989216037229282,0.838248570568763,0.975600488533044
0.98336696539854,0.881474420082618,0.988869160412408,0.831908831908832,0.974664133532365
0.983678556590896,0.894343819510645,0.990068846044713,0.836528458909199,0.97604831048989
0.983352127722714,0.88433428662218,0.989134652696934,0.832236842105263,0.974894829691953
0.983767582645854,0.88417540514776,0.989124434962928,0.835711067727887,0.975261229474827
0.983678556590896,0.883222116301239,0.989034924139577,0.834810031536267,0.975098385126883
0.98311472490949,0.887988560533842,0.989471797858519,0.83083097963431,0.974989822228253
0.984257225948127,0.889577375278043,0.989631508279875,0.840690690690691,0.976170443750848
0.98433141432726,0.885764219891961,0.989278098390969,0.840748001809682,0.975912606866603
0.982936672799573,0.891642834445504,0.989809945015539,0.829931972789116,0.975139096213869
0.983263101667755,0.879726723863997,0.988705706825811,0.830757689422356,0.974419867010449
0.983797257997507,0.887353034636161,0.989419963290705,0.836453497079527,0.975559777446058
0.98357469286011,0.885764219891961,0.989269937917861,0.834331038611194,0.975220518387841
0.983426316101846,0.882904353352399,0.98900262623851,0.832634102487264,0.974840548242638
0.983203750964449,0.881156657133778,0.988837820091924,0.830488170110812,0.974487718822093
0.983233426316102,0.883539879250079,0.989059538202063,0.831116425048573,0.97471841498168
0.983455991453499,0.881156657133778,0.988840651061481,0.832607716559075,0.97471841498168
0.983708231942549,0.888624086431522,0.989537157271004,0.835898968764011,0.975586918170715
0.984108849189863,0.88481093104544,0.989187173750932,0.838704819277108,0.975627629257701
0.984049498486557,0.883539879250079,0.989068511945596,0.838004822182037,0.975464784909757
0.983812095673334,0.88433428662218,0.98913967747229,0.836112362926243,0.975315510924142
0.983782420321681,0.892596123292024,0.989907284372714,0.837133065116972,0.975994029040575
0.984435278058045,0.880521131236098,0.988792679473614,0.840843574571385,0.975559777446058
0.984019823134904,0.88401652367334,0.989112440155707,0.837825628670381,0.975478355272086
0.983500504480978,0.880044486812838,0.988737898835007,0.832807096677191,0.974664133532365
0.983589530535937,0.885923101366381,0.989284861509074,0.834480694402873,0.975247659112498
0.983530179832631,0.88496981251986,0.989195642441427,0.833832335329341,0.975111955489212
0.983411478426019,0.883222116301239,0.989031978869772,0.832559532724277,0.974854118604967
0.983233426316102,0.882427708929139,0.988956212876459,0.830939557151406,0.974623422445379
0.982921835123746,0.890848427073403,0.989735851311779,0.829683338265759,0.975057674039897
0.982877322096267,0.881633301557038,0.988878439100124,0.827838281366552,0.974229881937848
0.983678556590896,0.886240864315221,0.989315346505104,0.835280023959269,0.975356222011128
0.983930797079945,0.888941849380362,0.989569032412105,0.837825696316262,0.975817614330303
0.983901121728292,0.878455672068637,0.988595026537062,0.835954036891442,0.974894829691953
0.983812095673334,0.893231649189704,0.98996670498828,0.837479517354387,0.976075451214547
0.983144400261143,0.883380997775659,0.989043794966713,0.830346475507766,0.974623422445379
0.984227550596475,0.879567842389577,0.988701912328032,0.83891498711926,0.975288370199484
0.983663718915069,0.885923101366381,0.989285660991151,0.835105586341171,0.975315510924142
0.983812095673334,0.8844931680966,0.989154433703306,0.836136978071493,0.97532908128647
0.984064336162384,0.881633301557038,0.988891705309616,0.837837837837838,0.975315510924142
0.984361089678913,0.88481093104544,0.989189914563049,0.84085761739393,0.975858325417289
0.983945634755772,0.877820146170956,0.988536589001685,0.836234296957772,0.974881259329624
0.983752744970028,0.881474420082618,0.988873476814772,0.835164835164835,0.975016962952911
0.98361920588759,0.885764219891961,0.989270418289535,0.834705794280581,0.975261229474827
0.982536055552258,0.883222116301239,0.989022313827404,0.825267220902613,0.974053467227575
0.983886284052466,0.883380997775659,0.989051965873158,0.836593439662955,0.975301940561813
0.983723069618375,0.881474420082618,0.988873144902677,0.834913468773514,0.974989822228253
0.98428690129978,0.888624086431522,0.989543244130195,0.840799759470836,0.976116162301533
0.984375927354739,0.88401652367334,0.989116335932491,0.840864440078585,0.975804043967974
0.984183037568995,0.880838894184938,0.988819320214669,0.838729198184569,0.975356222011128
0.983218588640275,0.88385764219892,0.9890889008299,0.831042724828204,0.974731985344009
0.984153362217342,0.885764219891961,0.989276179396543,0.839229263886798,0.975749762518659
0.984064336162384,0.885764219891961,0.989275219641712,0.838471950669274,0.975668340344687
0.983975310107425,0.8844931680966,0.989156213176618,0.83752068602377,0.975478355272086
0.983025698854531,0.878773435017477,0.988614489293442,0.828614232209738,0.974121319039218
0.983678556590896,0.88385764219892,0.989093947215301,0.834909200060033,0.975152666576198
0.98428690129978,0.887353034636161,0.989425170778272,0.84060806742926,0.976007599402904
0.983856608700813,0.889418493803622,0.989612560444153,0.837271911456775,0.975790473605645
0.984227550596475,0.886399745789641,0.98933599809092,0.839957844022885,0.975871895779617
0.984094011514036,0.879885605338418,0.988729874776386,0.837821482602118,0.975193377663184
0.983545017508457,0.888306323482682,0.989505896402448,0.834477611940298,0.975410503460442
0.983856608700813,0.880838894184938,0.988815652122044,0.835946924004825,0.975057674039897
0.983812095673334,0.88401652367334,0.989110166331021,0.836063110443276,0.975288370199484
0.983352127722714,0.885764219891961,0.989267535414148,0.832462296550694,0.975016962952911
0.984123686865689,0.88512869399428,0.989216841414488,0.838879686794157,0.975668340344687
0.983500504480978,0.881633301557038,0.98888540780856,0.833058099384477,0.974799837155652
0.983812095673334,0.887829679059422,0.989464416289863,0.836652193442132,0.975614058895373
0.983737907294201,0.88465204957102,0.989168382418763,0.835534213685474,0.975274799837156
0.983960472431598,0.881315538608198,0.988861053950076,0.836904043452022,0.975193377663184
0.983960472431598,0.886558627264061,0.98934789419505,0.83771205524696,0.97564119962003
0.983188913288622,0.878296790594217,0.988572110579003,0.829905419606666,0.974229881937848
0.983723069618375,0.881156657133778,0.9888436469939,0.834863766370616,0.974962681503596
0.984227550596475,0.886399745789641,0.98933599809092,0.839957844022885,0.975871895779617
0.98387144637664,0.883063234826819,0.989022298456261,0.836418359668924,0.975261229474827
0.984049498486557,0.888465204957102,0.989525983617564,0.838758062096895,0.975885466141946
0.983708231942549,0.887829679059422,0.989463315622948,0.835776248878253,0.975519066359072
0.98336696539854,0.886399745789641,0.989326765188834,0.832686567164179,0.975084814764554
0.983515342156805,0.888306323482682,0.989505583089509,0.83422858848105,0.975383362735785
0.983307614695234,0.88481093104544,0.989178458415428,0.831939049895429,0.974894829691953
0.983767582645854,0.886240864315221,0.989316303082754,0.836031175059952,0.9754376441851
0.983337290046887,0.883380997775659,0.989045920575462,0.831961693850067,0.974799837155652
0.983589530535937,0.88512869399428,0.98921104860251,0.834356747042085,0.975179807300855
0.98382693334916,0.890848427073403,0.989745197259415,0.8372405554726,0.975885466141946
0.98315923793697,0.887194153161741,0.989398396320796,0.831076052984075,0.974962681503596
0.983930797079945,0.888465204957102,0.989524733268671,0.837752808988764,0.975776903243317
0.984064336162384,0.885605338417541,0.989260463589988,0.838447653429603,0.975654769982359
0.984004985459078,0.88481093104544,0.989186044777232,0.837821573642245,0.9755326367214
0.983812095673334,0.887353034636161,0.989420121168711,0.836578789694428,0.975573347808386
0.984910083684492,0.889100730854782,0.989594048630678,0.846212006653561,0.976726828606324
0.983545017508457,0.886081982840801,0.989299146319623,0.834131020041879,0.975220518387841
0.983945634755772,0.888782967905942,0.989554421464172,0.837926902336729,0.975817614330303
0.983218588640275,0.892596123292024,0.98990155510076,0.832419617721144,0.975478355272086
0.983589530535937,0.88385764219892,0.98909297085988,0.834158044684361,0.975071244402226
0.983470829129325,0.882427708929139,0.988958849333055,0.832933413317337,0.974840548242638
0.98315923793697,0.882586590403559,0.988970149253731,0.83034379671151,0.974569140996065
0.983411478426019,0.883698760724499,0.989076257275034,0.832634730538922,0.974894829691953
0.984390765030566,0.88401652367334,0.989116498196022,0.8409915356711,0.975817614330303
0.984375927354739,0.891325071496664,0.989795157175467,0.841963079693832,0.976428280635093
0.983767582645854,0.887353034636161,0.989419647520556,0.836203024404851,0.9755326367214
0.98361920588759,0.888782967905942,0.989550991163124,0.835174679008659,0.975519066359072
0.983901121728292,0.886876390212901,0.989376781104994,0.837258137093145,0.975614058895373
0.984479791085524,0.888782967905942,0.989560029828486,0.842469879518072,0.976306147374135
0.982996023502879,0.886399745789641,0.989322780557007,0.829591078066914,0.974745555706337
0.983277939343581,0.882904353352399,0.989000984986419,0.831388390185518,0.974704844619351
0.983188913288622,0.890848427073403,0.989738610903659,0.831899109792285,0.975301940561813
0.98311472490949,0.878455672068637,0.988586007788371,0.829308534573271,0.974175600488533
0.983723069618375,0.88512869399428,0.989212497388917,0.835482903419316,0.975301940561813
0.983411478426019,0.8852875754687,0.989223880597015,0.83288490284006,0.975030533315239
0.983604368211763,0.888624086431522,0.989536064007643,0.83502538071066,0.975491925634414
0.983737907294201,0.885605338417541,0.989256938227395,0.83568215892054,0.975356222011128
0.983441153777672,0.888624086431522,0.989534345560681,0.833656282605455,0.975342651648799
0.983248263991928,0.891801715919924,0.98982792615164,0.832542272322753,0.9754376441851
0.984034660810731,0.889577375278043,0.989629187495337,0.838801498127341,0.975966888315918
0.983337290046887,0.881315538608198,0.988854073410922,0.831634182908546,0.974623422445379
0.98428690129978,0.886717508738481,0.989366144668158,0.840512048192771,0.975953317953589
0.983648881239243,0.888147442008262,0.989492223648467,0.835325762104005,0.975491925634414
0.984123686865689,0.88465204957102,0.989172582473304,0.838806869539018,0.975627629257701
0.983337290046887,0.881792183031459,0.98889833922736,0.831709875618163,0.974664133532365
0.983322452371061,0.8852875754687,0.989222915484969,0.832138590203106,0.974949111141267
0.983663718915069,0.879726723863997,0.988710254727674,0.834136788189214,0.974786266793323
0.983129562585317,0.892119478868764,0.989856284920374,0.831605450236967,0.975356222011128
0.98336696539854,0.890054019701303,0.989666552182418,0.833258961773018,0.975396933098114
0.984242388272301,0.882904353352399,0.989011644376854,0.839552802538148,0.975586918170715
0.983752744970028,0.88401652367334,0.989109516492369,0.835560895029284,0.97523408875017
0.983634043563416,0.88385764219892,0.989093459059441,0.834533453345335,0.975111955489212
0.982714107662176,0.88401652367334,0.989098131748331,0.826868776935652,0.974284163387162
0.984034660810731,0.888941849380362,0.989570121905728,0.838704841852796,0.975912606866603
0.983841771024987,0.885605338417541,0.989258060184702,0.836560108059433,0.975451214547428
0.983604368211763,0.891166190022243,0.989772455805064,0.835418528448019,0.975709051431673
0.983767582645854,0.883539879250079,0.989065413589916,0.835612321562735,0.975206948025512
0.98357469286011,0.889100730854782,0.989580067774344,0.834850067134119,0.975505495996743
0.984227550596475,0.883063234826819,0.989026226721734,0.83945023410361,0.975586918170715
0.98361920588759,0.888782967905942,0.989550991163124,0.835174679008659,0.975519066359072
0.984390765030566,0.881315538608198,0.988865868745435,0.840581906349447,0.975586918170715
0.984435278058045,0.888624086431522,0.989544803722706,0.842065642878651,0.97625186592482
0.983589530535937,0.890371782650143,0.989698417438041,0.835171385991058,0.975627629257701
0.983678556590896,0.886717508738481,0.989359638257547,0.835353988923814,0.975396933098114
0.983797257997507,0.881633301557038,0.988888723172605,0.83556693269086,0.975071244402226
0.983500504480978,0.887511916110582,0.989431573919274,0.833980292624664,0.975301940561813
0.983500504480978,0.887511916110582,0.989431573919274,0.833980292624664,0.975301940561813
0.984019823134904,0.886399745789641,0.989333770922219,0.838191105769231,0.975681910707016
0.983411478426019,0.8852875754687,0.989223880597015,0.83288490284006,0.975030533315239
0.983352127722714,0.88496981251986,0.989193707274844,0.832337118947998,0.974949111141267
0.984004985459078,0.889100730854782,0.989584576817476,0.838477674557986,0.975899036504275
0.98357469286011,0.88544645694312,0.989240411878824,0.834281437125749,0.975193377663184
0.98357469286011,0.88496981251986,0.989196126124782,0.834206979182267,0.975152666576198
0.983782420321681,0.885923101366381,0.989286939914355,0.836107362423152,0.975424073822771
0.98382693334916,0.886876390212901,0.989375988540392,0.836630695443645,0.975546207083729
0.982892159772093,0.888624086431522,0.989528561185469,0.829083901571302,0.974840548242638
0.983441153777672,0.887670797585002,0.989445713347366,0.833507384753096,0.975261229474827
0.983277939343581,0.879408960915157,0.988676374052635,0.830831582107475,0.974406296648121
0.983841771024987,0.879250079440737,0.988668048369541,0.835573003170769,0.974908400054281
0.983545017508457,0.883222116301239,0.989033451702426,0.833683263347331,0.974976251865925
0.982966348151226,0.88401652367334,0.989100898802592,0.82896305125149,0.97451485954675
0.983174075612796,0.88481093104544,0.989177004493409,0.830822019991049,0.974772696430995
0.983901121728292,0.888941849380362,0.989568721086405,0.837574850299401,0.975790473605645
0.983144400261143,0.878296790594217,0.988571599080954,0.82953181272509,0.974189170850862
0.983634043563416,0.882268827454719,0.988945908046663,0.834284855769231,0.974976251865925
0.984301738975607,0.890848427073403,0.989750093248788,0.84126031507877,0.976319717736464
0.982847646744614,0.88433428662218,0.989129136303906,0.828027372805713,0.974433437372778
0.983337290046887,0.888147442008262,0.98948892903534,0.832712647102637,0.975206948025512
0.983455991453499,0.882109945980299,0.988929173567283,0.832758362081896,0.974799837155652
0.983915959404119,0.888306323482682,0.98950981123629,0.837602996254682,0.975749762518659
0.984049498486557,0.882745471877979,0.988994765803248,0.837882672296788,0.975396933098114
0.983812095673334,0.890530664124563,0.989715496910171,0.837066905615293,0.97584475505496
0.983396640750193,0.887829679059422,0.989460012241912,0.833159385716416,0.97523408875017
0.984094011514036,0.889736256752463,0.989644573099764,0.839328537170264,0.976034740127561
0.983337290046887,0.883380997775659,0.989045920575462,0.831961693850067,0.974799837155652
0.98387144637664,0.886399745789641,0.989332179517785,0.836933693369337,0.975546207083729
0.983381803074366,0.891483952971084,0.989799728191879,0.833605704947259,0.9755326367214
0.983663718915069,0.880680012710518,0.988798735196731,0.8342865743528,0.974867688967295
0.983099887233664,0.887353034636161,0.989412537705701,0.830606781677573,0.97492197041661
0.983737907294201,0.878614553543057,0.988607896934272,0.834591005131301,0.974759126068666
0.982877322096267,0.881315538608198,0.988848915493589,0.827786897477988,0.97420274121319
0.984004985459078,0.887035271687321,0.98939265094213,0.838162438072361,0.975722621794002
0.983930797079945,0.886717508738481,0.989362337003551,0.837484993997599,0.975627629257701
0.98315923793697,0.885605338417541,0.989250683029516,0.830824265911462,0.974826977880309
0.984464953409698,0.881951064505879,0.988925654325404,0.841315550166717,0.975709051431673
0.983708231942549,0.889895138226883,0.989655326834948,0.836094939543215,0.975695481069345
0.98361920588759,0.883698760724499,0.989078539030795,0.834383438343834,0.975084814764554
0.983545017508457,0.888465204957102,0.989520667572288,0.834502313087599,0.975424073822771
0.98387144637664,0.882268827454719,0.988948545861298,0.836295180722892,0.975193377663184
0.983411478426019,0.890054019701303,0.98966701508138,0.833630952380952,0.9754376441851
0.983292777019408,0.882268827454719,0.988942113981287,0.831411888007187,0.974664133532365
0.983530179832631,0.883698760724499,0.989077561252201,0.83363309352518,0.975003392590582
0.98336696539854,0.886558627264061,0.989341533684635,0.832711535591703,0.975098385126883
0.983233426316102,0.88496981251986,0.989192416778624,0.83134328358209,0.974840548242638
0.983930797079945,0.88465204957102,0.989170482853264,0.837167343256653,0.975451214547428
0.983945634755772,0.883380997775659,0.98905261901921,0.837097259861488,0.975356222011128
0.98311472490949,0.881951064505879,0.988910613274429,0.829869935715354,0.974474148459764
0.983678556590896,0.88385764219892,0.989093947215301,0.834909200060033,0.975152666576198
0.983144400261143,0.88433428662218,0.98913238191915,0.830498358698896,0.974704844619351
0.983990147783251,0.887353034636161,0.989422015337332,0.838085234093637,0.975736192156331
0.983856608700813,0.883063234826819,0.989022134717499,0.83629250677099,0.975247659112498
0.983455991453499,0.887035271687321,0.98938679245283,0.833532397730666,0.975220518387841
0.983411478426019,0.887194153161741,0.989401086761808,0.833184124142047,0.975193377663184
0.983055374206184,0.890530664124563,0.989707661742079,0.830739587965021,0.975152666576198
0.983500504480978,0.882586590403559,0.988973934321054,0.833208339583021,0.974881259329624
0.983797257997507,0.888147442008262,0.989493791786055,0.836575875486381,0.975627629257701
0.983174075612796,0.886081982840801,0.989295152211887,0.831023692445239,0.974881259329624
0.98357469286011,0.874642516682555,0.988237574167387,0.832577132486388,0.974270593024834
0.983708231942549,0.890054019701303,0.989670100014928,0.836119402985075,0.975709051431673
0.983856608700813,0.880838894184938,0.988815652122044,0.835946924004825,0.975057674039897
0.983381803074366,0.887511916110582,0.989430311716231,0.832985386221294,0.975193377663184
0.983470829129325,0.888941849380362,0.989564204774488,0.833954389625876,0.975396933098114
0.98336696539854,0.887194153161741,0.989400612077331,0.832811334824758,0.975152666576198
0.984405602706392,0.889736256752463,0.989647816942377,0.841978649827094,0.976319717736464
0.983782420321681,0.889418493803622,0.989611785250526,0.836646241219549,0.975722621794002
0.984821057629533,0.883698760724499,0.989091721928321,0.844646924829157,0.976184014113177
0.983767582645854,0.891483952971084,0.9898036873927,0.836838180462341,0.975885466141946
0.983500504480978,0.886399745789641,0.989328198928342,0.833806605888507,0.975206948025512
0.984034660810731,0.88496981251986,0.989201121651453,0.838098104122781,0.975573347808386
0.984123686865689,0.886081982840801,0.989305371179691,0.839025124116143,0.975749762518659
0.982892159772093,0.886717508738481,0.989351215723759,0.828779328779329,0.974677703894694
0.982669594634696,0.887035271687321,0.989378389279792,0.826988594282329,0.974501289184421
0.984272063623954,0.888147442008262,0.989498806682578,0.840601503759398,0.976061880852219
0.983322452371061,0.882745471877979,0.988986718400239,0.831736526946108,0.974731985344009
0.983812095673334,0.888465204957102,0.989523482621219,0.83674996259165,0.975668340344687
0.98387144637664,0.88401652367334,0.989110816092125,0.836565929935348,0.975342651648799
0.983841771024987,0.889895138226883,0.98965671641791,0.837219730941704,0.975817614330303
0.984049498486557,0.890689545598983,0.989732722470116,0.839095943721,0.976075451214547
0.983693394266722,0.887670797585002,0.989448391140827,0.835626682620401,0.975491925634414
0.98428690129978,0.880997775659358,0.988835226425782,0.839642640823743,0.975464784909757
0.983723069618375,0.88433428662218,0.989138705297865,0.835359447696233,0.97523408875017
0.983322452371061,0.886558627264061,0.989341056340131,0.832338902147971,0.975057674039897
0.98433141432726,0.888147442008262,0.989499433208042,0.841107433042432,0.976116162301533
0.983500504480978,0.88401652367334,0.989106753812636,0.833433193529059,0.975003392590582
0.984316576651433,0.88465204957102,0.989174681279356,0.840452830188679,0.975804043967974
0.983708231942549,0.88465204957102,0.989168059202674,0.835283528352835,0.975247659112498
0.983515342156805,0.885923101366381,0.989284061907676,0.833856736952295,0.975179807300855
0.983856608700813,0.888306323482682,0.989509185059169,0.837101362479413,0.975695481069345
0.98336696539854,0.88385764219892,0.98909052920634,0.83228605625374,0.974867688967295
0.98361920588759,0.881474420082618,0.988871983054387,0.834034876728803,0.974894829691953
0.983470829129325,0.883222116301239,0.9890326335109,0.833058594335381,0.974908400054281
0.983545017508457,0.889418493803622,0.989609303853216,0.834650365289995,0.975505495996743
0.983990147783251,0.886717508738481,0.98936297180367,0.837987987987988,0.975681910707016
0.98387144637664,0.892119478868764,0.989863856213053,0.837809609071919,0.976034740127561
0.984108849189863,0.890371782650143,0.989703797657241,0.839550561797753,0.976102591939205
0.984613330167962,0.888941849380362,0.989576187777745,0.843636911942099,0.976441850997422
0.982877322096267,0.889736256752463,0.98963188717581,0.829138288421676,0.97492197041661
0.983307614695234,0.888941849380362,0.989562490667463,0.832589285714286,0.975247659112498
0.983589530535937,0.88512869399428,0.98921104860251,0.834356747042085,0.975179807300855
0.983782420321681,0.882586590403559,0.988977059156946,0.835589651022864,0.975139096213869
0.984494628761351,0.880997775659358,0.988837555886736,0.841426403641882,0.975654769982359
0.983411478426019,0.876866857324436,0.988441978733241,0.831550399276782,0.97431130411182
0.98433141432726,0.882586590403559,0.988983139283531,0.84026622296173,0.97564119962003
0.984183037568995,0.886081982840801,0.989306009217415,0.839530332681018,0.975804043967974
0.983515342156805,0.881156657133778,0.988841316963287,0.833108006609584,0.974772696430995
0.983678556590896,0.88417540514776,0.989123461395002,0.834958739684921,0.975179807300855
